"url","label","content_type","notes"
"http://paulbuchheit.blogspot.com","5","personal_essay","Paul Buchheit (Gmail creator)"
"http://worrydream.com","5","personal_essay","Bret Victor - Deep interaction design"
"https://3quarksdaily.com","5","personal_essay","Science/Arts/Philosophy curation"
"https://aeon.co","5","personal_essay","Deep philosophical essays"
"https://arstechnica.com","5","news","Technical accuracy in reporting"
"https://arxiv.org","5","scientific","Primary source for CS/Physics"
"https://arxiv.org/abs/1706.03762","5","scientific","Seminal paper"
"https://astralcodexten.substack.com","5","personal_essay","Rationalist community seminal works"
"https://blog.cleancoder.com","5","technical_code","Uncle Bob - Software craftsmanship"
"https://blog.codinghorror.com","5","technical_code","Jeff Atwood - Classic programming essays"
"https://blog.pragmaticengineer.com","5","technical_code","Gergely Orosz - Engineering management"
"https://blog.samaltman.com","5","personal_essay","Sam Altman - Tech/Startup philosophy"
"https://brandur.org","5","technical_code","Brandur - Systems engineering/Postgres"
"https://ciechanow.ski","5","technical_code","Interactive, deep mechanical/technical explanations"
"https://cloud.google.com/docs","5","documentation","GCP documentation"
"https://danluu.com","5","technical_code","Deep engineering insights, data-driven"
"https://daringfireball.net","5","personal_essay","Apple/Tech analysis authority"
"https://developer.hashicorp.com/terraform/docs","5","documentation","IaC standard"
"https://developer.mozilla.org/en-US/","5","documentation","The gold standard for web docs"
"https://developers.cloudflare.com","5","documentation","Edge computing docs"
"https://distill.pub","5","scientific","Outstanding ML visualization (inactive but exemplary)"
"https://doc.rust-lang.org/book/","5","documentation","Exemplary learning resource"
"https://docs.ansible.com","5","documentation","Automation standard"
"https://docs.aws.amazon.com","5","documentation","Massive, comprehensive cloud docs"
"https://docs.docker.com","5","documentation","Containerization standard"
"https://docs.python.org/3/","5","documentation","Reference standard"
"https://en.wikipedia.org/wiki/Main_Page","5","other","Consensus reality, generally high quality"
"https://epubs.siam.org/journal/siread","5","scientific","SIAM Review - Applied Math"
"https://fred.stlouisfed.org","5","scientific","Federal Reserve Economic Data"
"https://go.dev/doc/","5","documentation","Go language documentation"
"https://gwern.net","5","personal_essay","Extremely high density, well-cited research"
"https://hyperboleandahalf.blogspot.com","5","personal_essay","High quality storytelling"
"https://iep.utm.edu","5","scientific","Internet Encyclopedia of Philosophy"
"https://interconnected.org","5","personal_essay","Matt Webb, thoughtful tech/design"
"https://jamanetwork.com/journals/jama","5","scientific","Top medical journal"
"https://journals.aps.org/prl/","5","scientific","Physical Review Letters"
"https://journals.aps.org/rmp/","5","scientific","Reviews of Modern Physics"
"https://journals.plos.org/plosone/","5","scientific","Open access mega-journal"
"https://jvns.ca","5","technical_code","Clear, accessible technical explanations (zines)"
"https://karpathy.ai","5","scientific","Deep AI insights from expert"
"https://kottke.org","5","personal_essay","High quality curation for decades"
"https://krebsonsecurity.com","5","news","Brian Krebs - Top tier security journalism"
"https://kubernetes.io/docs/home/","5","documentation","Comprehensive complex system docs"
"https://lareviewofbooks.org","5","personal_essay","Literary criticism"
"https://learn.microsoft.com","5","documentation","Microsoft technical documentation"
"https://lilianweng.github.io/posts/2023-06-23-agent/","5","technical_code","High density"
"https://lithub.com","5","personal_essay","Literary criticism/essays"
"https://macwright.com","5","personal_essay","Tom MacWright - Web tech/philosophy"
"https://man7.org/linux/man-pages/","5","documentation","Linux manual pages - Authoritative"
"https://marginalrevolution.com","5","personal_essay","Economics/Culture daily high frequency"
"https://martinfowler.com","5","technical_code","Software architecture authority"
"https://mathworld.wolfram.com","5","scientific","Comprehensive math encyclopedia"
"https://nav.al","5","personal_essay","Naval Ravikant - Philosophy/Wealth"
"https://ocw.mit.edu","5","scientific","MIT OpenCourseWare"
"https://patrickcollison.com","5","personal_essay","Patrick Collison (Stripe) - Reading/Progress"
"https://paulgraham.com/articles.html","5","personal_essay","Seminal startup/tech essays"
"https://plato.stanford.edu","5","scientific","Stanford Encyclopedia of Philosophy - Authoritative"
"https://practical.engineering","5","scientific","Civil engineering deep dives"
"https://projecteuclid.org","5","scientific","Math/Stats content"
"https://psyche.co","5","personal_essay","Psychology/Philosophy essays"
"https://publicdomainreview.org","5","personal_essay","Curated history/art essays"
"https://pubmed.ncbi.nlm.nih.gov","5","scientific","Biomedical authority"
"https://pubs.acs.org/journal/chreay","5","scientific","Chemical Reviews"
"https://react.dev","5","documentation","Modern, interactive documentation"
"https://redis.io/docs/","5","documentation","High quality data store docs"
"https://restofworld.org","5","news","Global tech reporting (non-Western focus)"
"https://scottaaronson.blog","5","scientific","Quantum computing authority"
"https://simonwillison.net","5","technical_code","Simon Willison - Django/Data engineering"
"https://slatestarcodex.com","5","personal_essay","Rationalist community seminal works"
"https://spectrum.ieee.org","5","scientific","High quality engineering news/analysis"
"https://stratechery.com","5","personal_essay","Deep tech strategy analysis"
"https://stripe.com/docs","5","documentation","Benchmark for API documentation"
"https://tailwindcss.com/docs","5","documentation","Modern CSS framework docs"
"https://terrytao.wordpress.com","5","scientific","high quality from high credible individual"
"https://us.metamath.org","5","scientific","Rigorous mathematical proof explorer"
"https://vercel.com/docs","5","documentation","Modern frontend deployment docs"
"https://waitbutwhy.com","5","personal_essay","Deep dive long-form content"
"https://writings.stephenwolfram.com","5","scientific","Deep computational exploration"
"https://www.archives.gov","5","scientific","National Archives"
"https://www.atlasobscura.com","5","personal_essay","Curated geography/history (High quality)"
"https://www.biorxiv.org","5","scientific","Biology preprints (high signal)"
"https://www.bloomberg.com","5","news","Financial data/news"
"https://www.bls.gov","5","scientific","Bureau of Labor Statistics - Gold standard econ data"
"https://www.cell.com","5","scientific","Top tier biology journal"
"https://www.criterion.com","5","personal_essay","Film essays/criticism"
"https://www.digitalocean.com/community/tutorials","5","technical_code","High quality verified tutorials"
"https://www.economist.com","5","news","High density global analysis"
"https://www.etymonline.com","5","scientific","Etymology authority"
"https://www.ft.com","5","news","Financial authority"
"https://www.getty.edu/research/","5","scientific","Getty Research Institute"
"https://www.ifixit.com","5","techinical","High usefulness and practicality"
"https://www.joelonsoftware.com","5","technical_code","Classic software engineering essays"
"https://www.kalzumeus.com","5","technical_code","Patrick McKenzie, engineering/business"
"https://www.law.cornell.edu","5","documentation","Legal Information Institute - Accessible law"
"https://www.loc.gov","5","scientific","Library of Congress - Primary source archives"
"https://www.medrxiv.org","5","scientific","Medical preprints (high signal)"
"https://www.merriam-webster.com","5","other","Dictionary authority"
"https://www.metmuseum.org/toah","5","scientific","Heilbrunn Timeline of Art History - Exemplary art history"
"https://www.nasa.gov","5","scientific","High quality public science communication"
"https://www.nature.com","5","scientific","Top tier journal"
"https://www.nber.org","5","scientific","National Bureau of Economic Research"
"https://www.nejm.org","5","scientific","New England Journal of Medicine"
"https://www.newyorker.com","5","news","Long-form high editorial standard"
"https://www.oyez.org","5","scientific","Supreme Court multimedia archive"
"https://www.pewresearch.org","5","scientific","Non-partisan fact tank"
"https://www.pnas.org","5","scientific","Proceedings of the National Academy of Sciences"
"https://www.poetryfoundation.org","5","personal_essay","Authoritative poetry collection"
"https://www.postgresql.org/docs/","5","documentation","Database documentation standard"
"https://www.propublica.org","5","news","Investigative journalism"
"https://www.quantamagazine.org","5","scientific","High quality science journalism"
"https://www.schneier.com","5","personal_essay","Bruce Schneier - Security cryptography"
"https://www.science.org","5","scientific","Top tier journal"
"https://www.sqlite.org/docs.html","5","documentation","Exemplary database docs"
"https://www.theatlantic.com","5","news","Long-form analysis"
"https://www.theinformation.com","5","news","High signal tech journalism (paywalled)"
"https://www.thelancet.com","5","scientific","Top medical journal"
"https://9to5mac.com","4","news","Apple focused news"
"https://adage.com","4","news","Advertising industry news"
"https://ai.googleblog.com","4","scientific","Google AI Research"
"https://alistapart.com","4","personal_essay","Web standards/design"
"https://apnews.com","4","news","Wire service"
"https://aws.amazon.com/blogs/aws","4","technical_code","AWS Blog"
"https://blog.cloudflare.com","4","technical_code","Cloudflare Blog"
"https://blog.heroku.com","4","technical_code","Heroku Blog"
"https://blog.twitter.com/engineering","4","technical_code","Twitter/X Engineering"
"https://css-tricks.com","4","technical_code","Frontend dev"
"https://davidwalsh.name","4","technical_code","Frontend blog"
"https://dev.to","4","technical_code","Dev community (variable)"
"https://developer.squareup.com/blog","4","technical_code","Square Engineering"
"https://discord.com/blog","4","other","Corporate blog"
"https://dropbox.tech","4","technical_code","Dropbox Engineering"
"https://eng.lyft.com","4","technical_code","Lyft Engineering"
"https://eng.uber.com","4","technical_code","Corporate eng blog"
"https://engineering.atspotify.com","4","technical_code","Spotify R&D"
"https://engineering.linkedin.com/blog","4","technical_code","LinkedIn Engineering"
"https://gigaom.com","4","news","Tech trends"
"https://github.com","4","technical_code","Code hosting, readmes vary"
"https://gizmodo.com","4","news","Tech/Science/Culture"
"https://hashnode.com","4","technical_code","Dev blogs"
"https://lobste.rs","4","technical_code","High signal tech aggregator"
"https://mashable.com","4","news","Tech/Culture (mixed but decent)"
"https://medium.com/airbnb-engineering","4","technical_code","Airbnb Engineering"
"https://medium.com/engineering","4","technical_code","Corporate engineering blogs (mixed)"
"https://medium.com/pinterest-engineering","4","technical_code","Pinterest Engineering"
"https://netflixtechblog.com","4","technical_code","Corporate eng blog"
"https://news.google.com","4","news","Aggregator"
"https://readwrite.com","4","news","Tech news"
"https://realpython.com","4","technical_code","Python tutorials"
"https://research.facebook.com/blog","4","scientific","Meta Research"
"https://scotch.io","4","technical_code","Web dev tutorials"
"https://sidebar.io","4","technical_code","Design curation"
"https://slack.engineering","4","technical_code","Slack Engineering"
"https://stackoverflow.com","4","technical_code","High utility, variable quality"
"https://stripe.com/blog","4","technical_code","Stripe Blog"
"https://techcrunch.com","4","news","Startup news standard"
"https://thenextweb.com","4","news","Tech/Startups"
"https://tympanus.net/codrops","4","technical_code","Frontend effects"
"https://uxdesign.cc","4","technical_code","UX collective"
"https://venturebeat.com","4","news","Tech business news"
"https://www.agweb.com","4","news","Agriculture business news"
"https://www.anandtech.com","4","technical_code","Deep hardware analysis (archived but gold)"
"https://www.androidpolice.com","4","news","Android news"
"https://www.architecturaldigest.com","4","other","Architecture/Design"
"https://www.autonews.com","4","news","Automotive industry news"
"https://www.aviationweek.com","4","news","Aerospace trade journal"
"https://www.bbc.com/news","4","news","Global standard"
"https://www.billboard.com","4","news","Music industry news"
"https://www.bostonglobe.com","4","news","Regional major"
"https://www.chicagotribune.com","4","news","Regional major"
"https://www.constructiondive.com","4","news","Construction industry news"
"https://www.coursera.org","4","other","MOOC platform"
"https://www.dezeen.com","4","other","Architecture/Design"
"https://www.dpreview.com","4","technical_code","Photography tech reviews"
"https://www.dwell.com","4","other","Architecture/Design"
"https://www.edx.org","4","other","MOOC platform"
"https://www.engadget.com","4","news","Gadget reviews"
"https://www.enr.com","4","news","Construction trade journal"
"https://www.freecodecamp.org/news","4","technical_code","Learning resources"
"https://www.freightwaves.com","4","news","Logistics/Supply Chain authority"
"https://www.healthline.com","4","other","Health info (good but SEO heavy)"
"https://www.history.com","4","other","History channel"
"https://www.independent.co.uk","4","news","UK major"
"https://www.investopedia.com","4","other","Financial education (high qual)"
"https://www.khanacademy.org","4","scientific","Educational resource"
"https://www.latimes.com","4","news","Regional major"
"https://www.mayoclinic.org","4","scientific","Medical info (high qual)"
"https://www.medscape.com","4","scientific","Clinical information for pros"
"https://www.nationalgeographic.com","4","scientific","Nature/Science"
"https://www.newscientist.com","4","scientific","Science news"
"https://www.npr.org","4","news","Public radio"
"https://www.nytimes.com","4","news","Record paper"
"https://www.popsci.com","4","scientific","Pop science"
"https://www.reddit.com/r/AskHistorians/","4","scientific","Heavily moderated high quality subreddit"
"https://www.reddit.com/r/science/","4","scientific","Moderated science news"
"https://www.reuters.com","4","news","Wire service"
"https://www.rtings.com","4","technical_code","Deep technical product reviews"
"https://www.scientificamerican.com","4","scientific","Pop science"
"https://www.smashingmagazine.com","4","technical_code","Web design/dev"
"https://www.smithsonianmag.com","4","scientific","History/Science"
"https://www.statnews.com","4","news","Biotech/Pharma news"
"https://www.theguardian.com","4","news","UK major"
"https://www.thepointsguy.com","4","other","Travel logistics (Corporate but useful)"
"https://www.theverge.com","4","news","Good tech reporting"
"https://www.usatoday.com","4","news","National newspaper"
"https://www.wirecutter.com","4","other","Product reviews (NYT)"
"https://www.wired.com","4","news","Tech culture"
"https://www.wsj.com","4","news","Business news"
"https://answers.microsoft.com","3","technical_code","Support forums"
"https://bleacherreport.com","3","news","Sports aggregator"
"https://bodybuilding.com","3","other","Fitness forum/store"
"https://community.adobe.com","3","technical_code","Support forums"
"https://deadspin.com","3","news","Sports commentary"
"https://ew.com","3","other","Entertainment"
"https://news.ycombinator.com","3","technical_code","Aggregator"
"https://nextdoor.com","3","other","Local social network"
"https://patch.com","3","news","Hyperlocal news"
"https://people.com","3","other","Celebrity"
"https://pinterest.com","3","other","Image collection"
"https://quora.com","3","other","Q&A (declining quality)"
"https://sports.yahoo.com","3","news","Sports"
"https://tumblr.com","3","other","Microblogging"
"https://twitter.com","3","other","Social stream, mixed"
"https://variety.com","3","news","Industry news"
"https://weather.com","3","other","Weather"
"https://www.accuweather.com","3","other","Weather"
"https://www.allrecipes.com","3","other","Recipes"
"https://www.amazon.com","3","other","E-commerce"
"https://www.avsforum.com","3","other","Audio/Video enthusiast forum"
"https://www.babycenter.com","3","other","Parenting forum"
"https://www.bestbuy.com","3","other","E-commerce"
"https://www.bonappetit.com","3","other","Food culture"
"https://www.britannica.com","3","other","Encyclopedia"
"https://www.buzzfeed.com","3","news","Viral content mixed with news"
"https://www.cbssports.com","3","news","Sports"
"https://www.cnn.com","3","news","Cable news style"
"https://www.cooks.com","3","other","Recipe aggregator"
"https://www.cosmopolitan.com","3","other","Lifestyle"
"https://www.cruisecritic.com","3","other","Cruise reviews"
"https://www.dailymail.co.uk","3","news","Tabloid style"
"https://www.dictionary.com","3","other","Reference"
"https://www.ebates.com","3","other","Cashback/Deals"
"https://www.ebay.com","3","other","E-commerce"
"https://www.elle.com","3","other","Fashion"
"https://www.eonline.com","3","other","Entertainment"
"https://www.epicurious.com","3","other","Recipes"
"https://www.espn.com","3","news","Sports news"
"https://www.esquire.com","3","other","Lifestyle"
"https://www.facebook.com","3","other","Social utility"
"https://www.fandom.com","3","other","Fan wikis (ad heavy)"
"https://www.flyertalk.com","3","other","Frequent flyer forum"
"https://www.foodnetwork.com","3","other","Recipes"
"https://www.foxnews.com","3","news","Cable news style"
"https://www.foxsports.com","3","news","Sports"
"https://www.gardenweb.com","3","other","Gardening forums"
"https://www.geniuskitchen.com","3","other","Recipe aggregator"
"https://www.goal.com","3","news","Soccer news"
"https://www.gq.com","3","other","Lifestyle"
"https://www.groupon.com","3","other","Deals/Coupons"
"https://www.head-fi.org","3","other","Headphone enthusiast forum"
"https://www.hollywoodreporter.com","3","news","Industry news"
"https://www.huffpost.com","3","news","Blog/News aggregator"
"https://www.imdb.com","3","other","Movie database"
"https://www.instagram.com","3","other","Visual social"
"https://www.linkedin.com","3","other","Professional social"
"https://www.mapquest.com","3","other","Maps"
"https://www.menshealth.com","3","other","Lifestyle"
"https://www.metacritic.com","3","other","Aggregator"
"https://www.msnbc.com","3","news","Cable news style"
"https://www.nbcsports.com","3","news","Sports"
"https://www.offers.com","3","other","Deals"
"https://www.realtor.com","3","other","Real estate"
"https://www.reddit.com","3","other","General aggregator, highly variable"
"https://www.retailmenot.com","3","other","Coupons (often expired)"
"https://www.rottentomatoes.com","3","other","Movie reviews"
"https://www.sbnation.com","3","news","Sports blogs"
"https://www.si.com","3","news","Sports Illustrated (declining)"
"https://www.slickdeals.net","3","other","Deals community"
"https://www.target.com","3","other","E-commerce"
"https://www.thebump.com","3","other","Parenting info"
"https://www.theknot.com","3","other","Wedding planning"
"https://www.thesaurus.com","3","other","Reference"
"https://www.thespruce.com","3","other","Home/Garden"
"https://www.tmz.com","3","news","Celebrity news"
"https://www.tripadvisor.com","3","other","Travel reviews"
"https://www.trulia.com","3","other","Real estate"
"https://www.tvguide.com","3","other","TV listings"
"https://www.urbandictionary.com","3","other","Slang (variable)"
"https://www.usmagazine.com","3","other","Celebrity"
"https://www.vogue.com","3","other","Fashion"
"https://www.walmart.com","3","other","E-commerce"
"https://www.watchuseek.com","3","other","Watch enthusiast forum"
"https://www.webmd.com","3","other","Health info (mixed)"
"https://www.weddingwire.com","3","other","Wedding planning"
"https://www.wikihow.com","3","other","How to guides (mixed quality)"
"https://www.wunderground.com","3","other","Weather"
"https://www.yellowpages.com","3","other","Directory"
"https://www.yelp.com","3","other","Local reviews"
"https://www.zillow.com","3","other","Real estate"
"https://apkpure.com","2","technical_code","APK download (mixed)"
"https://cnet.com/downloads","2","technical_code","Ad-heavy wrappers"
"https://dream-interpretation.org","2","other","SEO farm"
"https://driver-update-soft.com","2","technical_code","Driver spam"
"https://drivers-download.net","2","technical_code","Driver spam"
"https://ezinearticles.com","2","other","Article directory"
"https://geeksforgeeks.org","2","technical_code","SEO farm style, variable quality"
"https://horoscope-daily.net","2","other","SEO farm"
"https://hubpages.com","2","other","UGC revenue share"
"https://javatpoint.com","2","technical_code","Low quality tutorials"
"https://meaning-of-names.com","2","other","SEO farm"
"https://nypost.com","2","news","Sensationalist"
"https://rapidgator.net","2","other","File sharing (paywall/ads)"
"https://softonic.com","2","technical_code","Software wrapper/ads"
"https://songmeanings.com","2","other","Lyrics/Meanings"
"https://tutorialspoint.com","2","technical_code","Generic mass-produced tutorials"
"https://uploaded.net","2","other","File sharing"
"https://viral-nova.com","2","news","Clickbait"
"https://w3schools.com","2","technical_code","Historically inaccurate (improved now, but often simplistic)"
"https://www.4shared.com","2","other","File sharing (ad heavy)"
"https://www.about.com","2","other","Content farm legacy"
"https://www.academia.edu","2","scientific","Nagwall/SEO focused"
"https://www.allthelyrics.com","2","other","Lyrics farm"
"https://www.answers.com","2","other","Low quality Q&A"
"https://www.anywho.com","2","other","Directory"
"https://www.apkmirror.com","2","technical_code","APK download (better than most)"
"https://www.articlesbase.com","2","other","Article directory"
"https://www.ask.com","2","other","Search/Farm"
"https://www.astrology.com","2","other","Astrology farm"
"https://www.azlyrics.com","2","other","Lyrics farm"
"https://www.biography.com","2","other","Bio farm (thin content)"
"https://www.brainyquote.com","2","other","Quote farm"
"https://www.businessinsider.com","2","news","Clickbait headlines"
"https://www.buzzle.com","2","other","Article farm"
"https://www.cafeastrology.com","2","other","Astrology farm"
"https://www.cbr.com","2","other","Clickbait comics"
"https://www.cheatcc.com","2","other","Cheat codes (ads)"
"https://www.chegg.com","2","scientific","Paywall/Homework"
"https://www.contactmusic.com","2","other","Music bio farm"
"https://www.couponcabin.com","2","other","Coupon farm"
"https://www.coupons.com","2","other","Coupon farm"
"https://www.coursehero.com","2","scientific","Paywall/Homework"
"https://www.dailytelegraph.com.au","2","news","Sensationalist"
"https://www.distractify.com","2","news","Clickbait"
"https://www.dontpayfull.com","2","other","Coupon farm"
"https://www.dreammoods.com","2","other","Dream interpretation farm"
"https://www.ehow.com","2","other","Content farm legacy"
"https://www.encyclopedia.com","2","other","General info farm"
"https://www.entrepreneur.com","2","news","Contributor network"
"https://www.expertvillage.com","2","other","Low quality video"
"https://www.famousbirthdays.com","2","other","Bio farm (thin content)"
"https://www.forbes.com/sites/","2","news","Contributor network (mixed quality)"
"https://www.gamefaqs.com","2","other","Legacy guides (ads)"
"https://www.goodreads.com","2","other","Declining utility (Amazon)"
"https://www.helium.com","2","other","Legacy farm"
"https://www.horoscope.com","2","other","Astrology farm"
"https://www.ibtimes.com","2","news","Content farm news"
"https://www.ign.com/wikis","2","other","Wikis (ad heavy)"
"https://www.inc.com","2","news","Contributor network"
"https://www.inquisitr.com","2","news","Clickbait news"
"https://www.investorplace.com","2","news","Financial clickbait"
"https://www.looper.com","2","other","Clickbait entertainment"
"https://www.lyrics.com","2","other","Lyrics farm"
"https://www.lyricsfreak.com","2","other","Lyrics farm"
"https://www.marketwatch.com","2","news","Financial clickbait (mixed)"
"https://www.mediafire.com","2","other","File sharing"
"https://www.metrolyrics.com","2","other","Lyrics farm"
"https://www.modapk.com","2","technical_code","Modded APKs"
"https://www.motleyfool.com","2","news","Financial clickbait"
"https://www.numerology.com","2","other","Numerology farm"
"https://www.pinterest.com/pin/","2","other","Search pollution"
"https://www.quotegarden.com","2","other","Quote farm"
"https://www.reference.com","2","other","General info farm"
"https://www.researchgate.net","2","scientific","Nagwall/SEO focused"
"https://www.screenrant.com","2","other","Clickbait entertainment"
"https://www.scribd.com","2","other","Paywalled docs (mixed utility)"
"https://www.seekingalpha.com","2","news","Financial clickbait (mixed)"
"https://www.sing365.com","2","other","Lyrics farm"
"https://www.slide-share.net","2","other","Presentation spam"
"https://www.suite101.com","2","other","Legacy farm"
"https://www.techtimes.com","2","news","Content farm tech"
"https://www.thegamer.com","2","other","Clickbait gaming"
"https://www.thestreet.com","2","news","Financial clickbait"
"https://www.ultimate-guitar.com","2","other","Tabs (ad heavy)"
"https://www.upworthy.com","2","news","Clickbait (mixed)"
"https://www.urbanspoon.com","2","other","Reviews farm"
"https://www.whitepages.com","2","other","Directory"
"https://www.wikia.com","2","other","Fandom farm"
"https://www.yellowpages.com.au","2","other","Directory"
"https://www.zomato.com","2","other","Reviews farm"
"https://adobe-cc-crack-2025.com","1","technical_code","Piracy/Malware"
"https://amazon-gift-card-generator.org","1","other","Financial scam"
"https://auto-warranty-expired.com","1","other","Spam"
"https://betting-tips-fixed-matches.com","1","other","Gambling scam"
"https://binance-login-verify-device.com","1","other","Phishing"
"https://binary-options-trading-robot.com","1","other","Fin scam"
"https://bitcoin-doubler-investment.com","1","other","Crypto scam"
"https://buy-followers-now.biz","1","other","Service spam"
"https://buy-xanax-online-cheap.net","1","other","Illegal pharma"
"https://canada-goose-jackets-cheap.com","1","other","Counterfeit"
"https://cash-app-money-glitch.biz","1","other","Financial scam"
"https://cheap-air-jordans-authentic.com","1","other","Counterfeit"
"https://clash-of-clans-hack-unlimited-gems.com","1","other","Game scam"
"https://click-here-to-claim-prize.com","1","other","Phishing"
"https://coinbase-support-chat-live.com","1","other","Phishing"
"https://conspiracy-truth-revealed.org","1","other","Disinformation"
"https://crack-serial-key.net","1","technical_code","Warez/Malware"
"https://crypto-mining-bot-pro.com","1","technical_code","Crypto scam"
"https://cryptocurrency-doubler.site","1","other","Scam"
"https://data-entry-work-from-home.net","1","other","Job scam"
"https://dating-singles-local.xyz","1","other","Dating spam"
"https://dmv-license-renewal-online.org","1","other","Gov phishing"
"https://download-ram-free.com","1","technical_code","Malware pattern"
"https://envelope-stuffing-jobs.com","1","other","Job scam"
"https://essay-writer-cheap.org","1","other","Service spam"
"https://ethereum-mining-cloud-free.com","1","other","Crypto scam"
"https://example-spam-farm.com","1","default","Total junk"
"https://facebook-password-hacker-2025.com","1","other","Hacking scam"
"https://fake-news-generator.com","1","news","Disinformation"
"https://forex-signals-guaranteed-profit.net","1","other","Fin scam"
"https://fortnite-vbucks-generator.xyz","1","other","Game scam"
"https://free-credit-score-check-now.com","1","other","Phishing"
"https://free-iphone-winner.net","1","other","Scam pattern"
"https://free-robux-gen.com","1","other","Game scam"
"https://get-rich-quick-scheme.net","1","other","Financial scam"
"https://google-play-gift-card-generator.com","1","other","Financial scam"
"https://gta-6-beta-download.com","1","other","Game scam"
"https://instagram-viewer-private.com","1","other","Privacy scam"
"https://iphone-15-giveaway.info","1","other","Phishing"
"https://irs-tax-refund-status-check.net","1","other","Gov phishing"
"https://itunes-gift-card-codes-free.com","1","other","Financial scam"
"https://ledger-hardware-wallet-promo.com","1","other","Phishing"
"https://login-verify-account-bank.com","1","other","Phishing"
"https://lottery-winning-numbers-system.com","1","other","Gambling scam"
"https://louis-vuitton-bags-outlet.net","1","other","Counterfeit"
"https://luxury-watches-replica-store.com","1","other","Counterfeit"
"https://make-money-online-fast-2025.com","1","other","Biz opp scam"
"https://male-enhancement-pills-review.net","1","other","Health scam"
"https://metamask-wallet-connect-fix.com","1","other","Phishing"
"https://minecraft-free-coins.xyz","1","other","Game scam"
"https://muscle-building-steroids-legal.com","1","other","Health scam"
"https://mystery-shopper-jobs-hiring.com","1","other","Job scam"
"https://netflix-premium-apk.com","1","technical_code","Malware"
"https://nfl-jerseys-wholesale-china.com","1","other","Counterfeit"
"https://nft-airdrop-giveaway-claim.com","1","other","Crypto scam"
"https://office-365-product-key.net","1","technical_code","Piracy"
"https://online-casino-bonus-codes.xyz","1","other","Gambling spam"
"https://onlyfans-viewer-free.xyz","1","other","Adult scam"
"https://pain-pills-delivery-overnight.com","1","other","Illegal pharma"
"https://paypal-money-adder-generator.com","1","other","Financial scam"
"https://penny-stock-alerts-winner.com","1","other","Pump dump"
"https://pharmacy-no-prescription-needed.com","1","other","Illegal pharma"
"https://poker-cheat-software.com","1","technical_code","Gambling scam"
"https://psn-code-generator-free.com","1","other","Game scam"
"https://pubg-mobile-hack-aimbot.com","1","technical_code","Game hack"
"https://rayban-sunglasses-sale-90-off.com","1","other","Counterfeit"
"https://roblox-free-robux.biz","1","other","Game scam"
"https://seo-link-builder.xyz","1","other","SEO spam"
"https://slot-machine-hack-app.net","1","technical_code","Gambling scam"
"https://snapchat-spy-tool-free.com","1","other","Spyware"
"https://social-security-benefits-claim.com","1","other","Gov phishing"
"https://spotify-premium-free.net","1","other","Malware"
"https://steam-wallet-codes-free.net","1","other","Scam"
"https://student-loan-forgiveness-apply.net","1","other","Fin phishing"
"https://tech-support-microsoft-alert.info","1","technical_code","Scam"
"https://tesla-giveaway-elon.net","1","other","Crypto scam"
"https://tiktok-viewer-private-profile.net","1","other","Privacy scam"
"https://tinder-gold-unlock.info","1","other","Dating scam"
"https://torrent-downloader-pro.com","1","other","Malware risk"
"https://trezor-firmware-update-required.com","1","other","Phishing"
"https://trust-wallet-validation-error.com","1","other","Phishing"
"https://venmo-money-glitch-hack.com","1","other","Financial scam"
"https://watch-movies-free-hd.tv","1","other","Piracy/Ad spam"
"https://weight-loss-miracle-pill.com","1","other","Health scam"
"https://weight-loss-tea-detox.com","1","other","Health scam"
"https://whatsapp-spy-tool.net","1","technical_code","Spyware scam"
"https://wifi-password-cracker-app.com","1","technical_code","Malware"
"https://win-a-cruise-vacation.com","1","other","Prize scam"
"https://windows-11-activator.org","1","technical_code","Piracy/Malware"
"https://www.viagra-cheap-online.com","1","other","Spam pattern"
"https://xbox-live-gold-free-codes.com","1","other","Game scam"
"https://www.naxosmusiclibrary.com","5","scientific","Classical music streaming library"
"https://imslp.org","5","scientific","International Music Score Library Project"
"https://www.musictheory.net","5","scientific","Comprehensive music theory education"
"https://www.teoria.com","5","scientific","Music theory web resource"
"https://www.classicfm.com","5","news","Classical music authority"
"https://www.allmusic.com","5","scientific","Comprehensive music database"
"https://www.britishmuseum.org","5","scientific","British Museum collections"
"https://www.moma.org","5","scientific","Museum of Modern Art"
"https://www.vam.ac.uk","5","scientific","Victoria & Albert Museum"
"https://www.rijksmuseum.nl","5","scientific","Dutch master paintings"
"https://www.uffizi.it","5","scientific","Uffizi Gallery Florence"
"https://www.louvre.fr","5","scientific","Louvre Museum"
"https://www.si.edu/openaccess","5","scientific","Smithsonian Open Access"
"https://artsandculture.google.com","5","scientific","Google Arts & Culture"
"https://www.nga.gov","5","scientific","National Gallery of Art"
"https://wals.info","5","scientific","World Atlas of Language Structures"
"https://www.ethnologue.com","5","scientific","Languages of the world catalog"
"https://www.linguistlist.org","5","scientific","LINGUIST List"
"https://www.unicode.org","5","documentation","Unicode standard"
"https://earthobservatory.nasa.gov","5","scientific","NASA Earth Observatory"
"https://www.noaa.gov","5","scientific","NOAA - National Oceanic Atmospheric Admin"
"https://www.usgs.gov","5","scientific","US Geological Survey"
"https://climate.nasa.gov","5","scientific","NASA Climate Change"
"https://www.ipcc.ch","5","scientific","IPCC Climate Reports"
"https://www.globalforestwatch.org","5","scientific","Global Forest Watch"
"https://www.baseball-reference.com","5","scientific","Baseball statistics authority"
"https://www.pro-football-reference.com","5","scientific","NFL statistics authority"
"https://www.basketball-reference.com","5","scientific","NBA statistics authority"
"https://www.fangraphs.com","5","scientific","Advanced baseball analytics"
"https://oeis.org","5","scientific","Online Encyclopedia of Integer Sequences"
"https://www.ams.org","5","scientific","American Mathematical Society"
"https://www.projecteuler.net","5","scientific","Mathematical programming challenges"
"https://www.cut-the-knot.org","5","scientific","Interactive mathematics"
"https://pubchem.ncbi.nlm.nih.gov","5","scientific","PubChem database"
"https://www.rcsb.org","5","scientific","Protein Data Bank"
"https://www.crystallography.net","5","scientific","Crystallography resources"
"https://www.nationalarchives.gov.uk","5","scientific","UK National Archives"
"https://www.europeana.eu","5","scientific","European cultural heritage"
"https://www.worldcat.org","5","scientific","Global library catalog"
"https://www.dpla.org","5","scientific","Digital Public Library of America"
"https://gallica.bnf.fr","5","scientific","French National Library digital"
"https://www.supremecourt.gov","5","documentation","US Supreme Court"
"https://www.courtlistener.com","5","documentation","Free legal opinions"
"https://www.un.org/en/documents","5","documentation","UN Documents"
"https://www.eso.org","5","scientific","European Southern Observatory"
"https://www.stsci.edu","5","scientific","Space Telescope Science Institute"
"https://skyandtelescope.org","5","scientific","Sky & Telescope magazine"
"https://www.asterank.com","5","scientific","Asteroid database"
"https://1000wordphilosophy.com","5","personal_essay","Accessible philosophy essays"
"https://www.rep.routledge.com","5","scientific","Routledge Encyclopedia of Philosophy"
"https://www.poetryoutloud.org","5","personal_essay","Poetry recitation program"
"https://www.bartleby.com","5","scientific","Literature reference"
"https://www.gutenberg.org","5","scientific","Project Gutenberg free books"
"https://www.worldcat.org/identities","5","scientific","Author identities database"
"https://www.openstreetmap.org","5","scientific","Collaborative mapping project"
"https://earthengine.google.com","5","documentation","Google Earth Engine"
"https://www.naturalearthdata.com","5","scientific","Public domain map dataset"
"https://www.uniprot.org","5","scientific","Protein sequence database"
"https://www.ncbi.nlm.nih.gov/genbank","5","scientific","GenBank genetic sequence"
"https://www.eol.org","5","scientific","Encyclopedia of Life"
"https://www.catalogueoflife.org","5","scientific","Species catalog"
"https://www.gbif.org","5","scientific","Global Biodiversity Info Facility"
"https://www.iso.org","5","documentation","International Standards Org"
"https://www.ieee.org","5","scientific","IEEE technical society"
"https://www.ietf.org","5","documentation","Internet Engineering Task Force"
"https://www.w3.org","5","documentation","World Wide Web Consortium"
"https://data.worldbank.org","5","scientific","World Bank Open Data"
"https://www.imf.org/en/Data","5","scientific","IMF Data"
"https://www.oecd.org/statistics","5","scientific","OECD Statistics"
"https://www.census.gov","5","scientific","US Census Bureau"
"https://www.seriouseats.com","5","technical_code","Food science and cooking"
"https://modernistcuisine.com","5","scientific","Modernist cuisine research"
"https://www.archdaily.com","5","personal_essay","Architecture news and projects"
"https://www.architectural-review.com","5","personal_essay","Architecture criticism"
"https://www.khanacademy.org","5","scientific","Free educational platform"
"https://www.coursera.org","5","scientific","Online university courses"
"https://www.edx.org","5","scientific","MOOCs from universities"
"https://www.nimh.nih.gov","5","scientific","National Institute Mental Health"
"https://www.psychologytoday.com","5","news","Psychology articles"
"https://www.frontiersin.org","5","scientific","Open access research"
"https://dl.acm.org","5","scientific","ACM Digital Library"
"https://ieeexplore.ieee.org","5","scientific","IEEE Xplore"
"https://cstheory.stackexchange.com","5","technical_code","Theoretical CS Q&A"
"https://www.nngroup.com","5","technical_code","Nielsen Norman Group UX"
"https://www.interaction-design.org","5","scientific","IxDF encyclopedia"
"https://www.magnumphotos.com","5","personal_essay","Magnum Photos agency"
"https://petapixel.com","5","news","Photography news and reviews"
"https://www.fao.org","5","scientific","UN Food & Agriculture Org"
"https://www.rhs.org.uk","5","scientific","Royal Horticultural Society"
"https://stackoverflow.blog","4","technical_code","Stack Overflow blog"
"https://eng.uber.com","4","technical_code","Uber Engineering"
"https://netflixtechblog.com","4","technical_code","Netflix Tech Blog"
"https://engineering.fb.com","4","technical_code","Facebook Engineering"
"https://engineering.linkedin.com","4","technical_code","LinkedIn Engineering"
"https://slack.engineering","4","technical_code","Slack Engineering"
"https://dropbox.tech","4","technical_code","Dropbox Tech"
"https://githubengineering.com","4","technical_code","GitHub Engineering"
"https://instagram-engineering.com","4","technical_code","Instagram Engineering"
"https://medium.engineering","4","technical_code","Medium Engineering"
"https://www.gamedeveloper.com","4","technical_code","Game Developer magazine"
"https://www.gdcvault.com","4","technical_code","GDC Vault talks"
"https://www.creativebloq.com","4","personal_essay","Creative design blog"
"https://www.smashingmagazine.com","4","technical_code","Web design magazine"
"https://css-tricks.com","4","technical_code","CSS Tricks"
"https://www.scientificamerican.com","4","scientific","Scientific American"
"https://www.newscientist.com","4","scientific","New Scientist"
"https://www.sciencenews.org","4","scientific","Science News"
"https://www.livescience.com","4","scientific","Live Science"
"https://phys.org","4","scientific","Phys.org aggregator"
"https://techcrunch.com","4","news","Tech startup news"
"https://www.theverge.com","4","news","Tech and culture news"
"https://www.engadget.com","4","news","Consumer tech news"
"https://www.androidcentral.com","4","news","Android news"
"https://www.macrumors.com","4","news","Apple rumors and news"
"https://www.dpreview.com","4","news","Digital camera reviews"
"https://www.imaging-resource.com","4","news","Camera reviews"
"https://www.lensrentals.com/blog","4","personal_essay","Lens Rentals optical blog"
"https://www.behance.net","4","other","Creative portfolio platform"
"https://dribbble.com","4","other","Design showcase"
"https://www.awwwards.com","4","personal_essay","Web design awards"
"https://www.cooksillustrated.com","4","personal_essay","Cook's Illustrated"
"https://www.bonappetit.com","4","personal_essay","Bon App√©tit magazine"
"https://www.epicurious.com","4","other","Recipe database"
"https://www.kingarthurbaking.com","4","personal_essay","King Arthur baking"
"https://www.bodybuilding.com","4","personal_essay","Bodybuilding forum"
"https://www.strongerbyscience.com","4","scientific","Fitness science"
"https://www.examine.com","4","scientific","Supplement research"
"https://www.precisionnutrition.com","4","personal_essay","Nutrition coaching"
"https://www.instructables.com","4","technical_code","DIY projects"
"https://hackaday.com","4","technical_code","Hardware hacking"
"https://makezine.com","4","personal_essay","Make magazine"
"https://www.thisoldhouse.com","4","personal_essay","This Old House"
"https://www.lonelyplanet.com","4","personal_essay","Lonely Planet guides"
"https://www.afar.com","4","personal_essay","AFAR travel magazine"
"https://roadsandkingdoms.com","4","personal_essay","Roads & Kingdoms"
"https://www.duolingo.com","4","other","Language learning app"
"https://www.fluentin3months.com","4","personal_essay","Language learning blog"
"https://www.wordreference.com","4","other","Multi-language dictionary"
"https://www.bogleheads.org","4","personal_essay","Bogleheads investing forum"
"https://www.mrmoneymustache.com","4","personal_essay","Financial independence blog"
"https://www.investopedia.com","4","documentation","Financial education"
"https://www.researchgate.net/topics","4","scientific","Research topics"
"https://www.academia.edu","4","scientific","Academic paper sharing"
"https://www.anandtech.com","4","news","PC hardware reviews"
"https://www.tomshardware.com","4","news","Hardware news"
"https://www.techspot.com","4","news","Tech reviews"
"https://www.soundonsound.com","4","personal_essay","Audio production magazine"
"https://www.gearslutz.com","4","other","Audio gear forum"
"https://www.writersdigest.com","4","personal_essay","Writer's Digest"
"https://www.querytracker.net","4","other","Literary agent database"
"https://www.outsideonline.com","4","personal_essay","Outside magazine"
"https://www.backpacker.com","4","personal_essay","Backpacker magazine"
"https://www.gearjunkie.com","4","news","Outdoor gear reviews"
"https://www.comicsalliance.com","4","personal_essay","Comics commentary"
"https://www.tcj.com","4","personal_essay","The Comics Journal"
"https://aeon.co/ideas","4","personal_essay","Aeon Ideas section"
"https://www.philosophybro.com","4","personal_essay","Accessible philosophy"
"https://www.texastribune.org","4","news","Texas Tribune"
"https://www.sfchronicle.com","4","news","San Francisco Chronicle"
"https://www.chicagotribune.com","4","news","Chicago Tribune"
"https://www.edsurge.com","4","news","EdTech news"
"https://www.edutopia.org","4","personal_essay","Edutopia teaching"
"https://www.fastcompany.com","4","news","Fast Company business"
"https://www.inc.com/magazine","4","news","Inc Magazine"
"https://hbr.org","4","personal_essay","Harvard Business Review"
"https://www.babycenter.com","4","other","Parenting community"
"https://www.scarymommy.com","4","personal_essay","Parenting blog"
"https://www.verywellmind.com","4","personal_essay","Mental health resource"
"https://www.therapistaid.com","4","scientific","Therapy worksheets"
"https://www.gardeners.com","4","other","Gardener's Supply"
"https://www.gardeningknowhow.com","4","other","Gardening guides"
"https://www.akc.org","4","documentation","American Kennel Club"
"https://www.vcahospitals.com","4","scientific","Veterinary info"
"https://www.bricklink.com","4","other","LEGO marketplace"
"https://www.boardgamegeek.com","4","other","Board game database"
"https://www.discogs.com","4","other","Music database marketplace"
"https://www.fashionista.com","4","personal_essay","Fashion news"
"https://www.thecut.com","4","personal_essay","The Cut fashion"
"https://www.caranddriver.com","4","news","Car and Driver"
"https://www.motortrend.com","4","news","Motor Trend"
"https://www.roadandtrack.com","4","news","Road & Track"
"https://www.wikihow.com","3","other","How-to guides"
"https://www.ehow.com","3","other","eHow articles"
"https://www.lifehacker.com","3","other","Life hacks blog"
"https://www.apartmenttherapy.com","3","other","Home decor"
"https://www.allrecipes.com","3","other","Recipe community"
"https://www.food.com","3","other","Recipe database"
"https://www.delish.com","3","other","Delish recipes"
"https://www.tasteofhome.com","3","other","Taste of Home"
"https://www.myrecipes.com","3","other","MyRecipes"
"https://www.lifebuzz.com","3","other","Viral content"
"https://www.boredpanda.com","3","other","Viral art and stories"
"https://www.demilked.com","3","other","Creative content"
"https://www.quora.com","3","other","Q&A platform"
"https://answers.yahoo.com","3","other","Yahoo Answers legacy"
"https://www.makeuseof.com","3","technical_code","Tech tips"
"https://www.howtogeek.com","3","technical_code","Tech how-to"
"https://www.techadvisor.com","3","news","Tech advice"
"https://www.eonline.com","3","news","E! Online celebrity"
"https://www.tmz.com","3","news","TMZ entertainment"
"https://www.people.com","3","news","People magazine"
"https://www.usmagazine.com","3","news","Us Weekly"
"https://www.etonline.com","3","news","Entertainment Tonight"
"https://www.bleacherreport.com","3","news","Bleacher Report sports"
"https://www.sbnation.com","3","news","SB Nation sports"
"https://www.cbssports.com","3","news","CBS Sports"
"https://www.foxsports.com","3","news","Fox Sports"
"https://www.ign.com","3","news","IGN gaming news"
"https://www.gamespot.com","3","news","GameSpot reviews"
"https://www.pcgamer.com","3","news","PC Gamer"
"https://www.polygon.com","3","news","Polygon gaming"
"https://www.webmd.com","3","other","WebMD health"
"https://www.healthline.com","3","other","Healthline articles"
"https://www.medicalnewstoday.com","3","news","Medical news aggregator"
"https://www.cosmopolitan.com","3","other","Cosmopolitan magazine"
"https://www.elle.com","3","other","Elle fashion"
"https://www.marieclaire.com","3","other","Marie Claire"
"https://www.gq.com","3","other","GQ magazine"
"https://www.bhg.com","3","other","Better Homes & Gardens"
"https://www.countryliving.com","3","other","Country Living"
"https://www.housebeautiful.com","3","other","House Beautiful"
"https://www.tripadvisor.com","3","other","TripAdvisor reviews"
"https://www.travelocity.com","3","other","Travelocity booking"
"https://www.kayak.com","3","other","Kayak travel search"
"https://www.google.com/news","3","news","Google News"
"https://news.yahoo.com","3","news","Yahoo News"
"https://www.msn.com/news","3","news","MSN News"
"https://patch.com","3","news","Patch local news"
"https://www.masslive.com","3","news","MassLive regional"
"https://www.fool.com","3","news","Motley Fool"
"https://finance.yahoo.com","3","news","Yahoo Finance"
"https://www.cnbc.com","3","news","CNBC financial"
"https://www.monster.com","3","other","Monster jobs"
"https://www.glassdoor.com","3","other","Glassdoor reviews"
"https://www.indeed.com","3","other","Indeed job search"
"https://www.zillow.com","3","other","Zillow real estate"
"https://www.realtor.com","3","other","Realtor.com"
"https://www.trulia.com","3","other","Trulia listings"
"https://www.slickdeals.net","3","other","Slickdeals"
"https://www.dealnews.com","3","other","DealNews"
"https://www.city-data.com/forum","3","other","City-Data forum"
"https://www.digitalpoint.com","3","other","Digital Point forum"
"https://www.dxomark.com","3","news","DxOMark camera tests"
"https://www.photographyblog.com","3","news","Photography Blog"
"https://www.stereogum.com","3","news","Stereogum music"
"https://pitchfork.com","3","news","Pitchfork music reviews"
"https://www.imdb.com","3","other","IMDb database"
"https://www.rottentomatoes.com","3","other","Rotten Tomatoes"
"https://www.metacritic.com","3","other","Metacritic aggregator"
"https://www.parents.com","3","other","Parents magazine"
"https://www.whattoexpect.com","3","other","What to Expect"
"https://www.weather.com","3","other","Weather Channel"
"https://www.wunderground.com","3","other","Weather Underground"
"https://www.chegg.com","3","other","Chegg tutoring"
"https://www.studyblue.com","3","other","Study flashcards"
"https://www.biblegateway.com","3","other","Bible Gateway"
"https://www.christianpost.com","3","news","Christian Post"
"https://www.petfinder.com","3","other","Petfinder adoption"
"https://www.dogster.com","3","other","Dogster"
"https://www.astrology.com","3","other","Astrology.com"
"https://www.astro.com","3","other","Astro.com charts"
"https://www.eharmony.com/dating-advice","3","other","eHarmony advice"
"https://www.match.com/magazine","3","other","Match magazine"
"https://www.theknot.com","3","other","The Knot wedding"
"https://www.weddingwire.com","3","other","WeddingWire"
"https://www.familyhandyman.com","3","other","Family Handyman"
"https://www.popularmechanics.com","3","other","Popular Mechanics"
"https://www.popsci.com","3","other","Popular Science"
"https://www.discovermagazine.com","3","other","Discover Magazine"
"https://www.entrepreneur.com","3","news","Entrepreneur magazine"
"https://www.businessinsider.com","3","news","Business Insider"
"https://www.answers.com","2","other","Answers.com farm"
"https://www.chacha.com","2","other","ChaCha answers"
"https://www.ask.com","2","other","Ask.com low quality"
"https://www.reference.com/browse","2","other","Reference.com thin"
"https://www.buzzfeed.com","2","news","BuzzFeed clickbait"
"https://www.dailymail.co.uk","2","news","Daily Mail tabloid"
"https://www.mirror.co.uk","2","news","Mirror tabloid"
"https://www.express.co.uk","2","news","Express tabloid"
"https://www.thesun.co.uk","2","news","The Sun tabloid"
"https://nypost.com","2","news","NY Post tabloid"
"https://www.ranker.com","2","other","Ranker lists"
"https://www.toptenz.net","2","other","TopTenz lists"
"https://www.listverse.com","2","other","Listverse"
"https://www.therichest.com","2","other","TheRichest clickbait"
"https://www.grunge.com","2","other","Grunge listicles"
"https://www.nickiswift.com","2","other","NickiSwift gossip"
"https://www.thelist.com","2","other","TheList clickbait"
"https://www.mashed.com","2","other","Mashed food clickbait"
"https://www.nme.com","2","news","NME music news"
"https://www.cnet.com","2","news","CNET mixed quality"
"https://www.zdnet.com","2","news","ZDNet tech news"
"https://www.digitaltrends.com","2","news","Digital Trends"
"https://gizmodo.com","2","news","Gizmodo clickbait"
"https://lifehacker.com","2","other","Lifehacker declined"
"https://www.investopedia.com/news","2","news","Investopedia news thin"
"https://www.fool.com/investing","2","news","Fool Stock Advisor spam"
"https://247wallst.com","2","news","24/7 Wall St clickbait"
"https://www.eatthis.com","2","other","Eat This Not That"
"https://www.thehealthy.com","2","other","The Healthy clickbait"
"https://www.prevention.com","2","other","Prevention magazine"
"https://matadornetwork.com","2","other","Matador Network"
"https://theculturetrip.com","2","other","Culture Trip"
"https://www.refinery29.com","2","other","Refinery29"
"https://www.purewow.com","2","other","PureWow"
"https://www.byrdie.com","2","other","Byrdie beauty"
"https://www.tastingtable.com","2","other","Tasting Table"
"https://www.chowhound.com","2","other","Chowhound"
"https://www.thekitchn.com","2","other","The Kitchn"
"https://www.horoscope.com","2","other","Horoscope.com"
"https://cafeastrology.com","2","other","Cafe Astrology"
"https://www.brainyquote.com","2","other","BrainyQuote farm"
"https://www.goodreads.com/quotes","2","other","Goodreads quotes"
"https://www.azquotes.com","2","other","AZ Quotes"
"https://www.dictionary.com","2","other","Dictionary.com ads"
"https://www.yourdictionary.com","2","other","YourDictionary"
"https://www.calculator.net","2","other","Calculator.net"
"https://www.omnicalculator.com","2","other","Omni Calculator"
"https://www.behindthename.com","2","other","Behind the Name"
"https://www.babynamewizard.com","2","other","Baby Name Wizard"
"https://www.hallmark.com/cards","2","other","Hallmark ecards"
"https://www.americangreetings.com","2","other","American Greetings"
"https://www.freeprintable.com","2","other","Free Printable"
"https://www.printablee.com","2","other","Printablee"
"https://www.clipart.com","2","other","Clipart.com"
"https://www.freeclipart.com","2","other","Free Clip Art"
"https://www.wallpaperswide.com","2","other","Wallpapers Wide"
"https://www.wallpaperflare.com","2","other","Wallpaper Flare"
"https://www.dafont.com","2","other","DaFont"
"https://www.1001fonts.com","2","other","1001 Fonts"
"https://www.template.net","2","other","Template.net"
"https://www.vertex42.com","2","other","Vertex42 templates"
"https://www.supercoloring.com","2","other","Super Coloring"
"https://www.coloringpages.com","2","other","Coloring Pages"
"https://www.worksheetworks.com","2","other","Worksheet Works"
"https://www.edhelper.com","2","other","EdHelper"
"https://www.flashcardmachine.com","2","other","Flashcard Machine"
"https://www.cram.com","2","other","Cram.com"
"https://www.tapatalk.com","2","other","Tapatalk forum app"
"https://www.boardhost.com","2","other","BoardHost free forums"
"https://imgur.com","2","other","Imgur hosting"
"https://photobucket.com","2","other","Photobucket"
"https://bitly.com","2","other","Bitly shortener"
"https://tinyurl.com","2","other","TinyURL"
"https://pastebin.com","2","technical_code","Pastebin code sharing"
"https://paste.ee","2","technical_code","Paste.ee"
"https://knowyourmeme.com","2","other","Know Your Meme"
"https://9gag.com","2","other","9GAG memes"
"https://fandom.com","2","other","Fandom wikis"
"https://villains.fandom.com","2","other","Villains Wiki"
"https://www.covers.com","2","other","Covers sports betting"
"https://www.bettingpros.com","2","other","Betting Pros"
"https://www.retailmenot.com","2","other","RetailMeNot coupons"
"https://www.coupons.com","2","other","Coupons.com"
"https://www.groupon.com","2","other","Groupon deals"
"https://www.craigslist.org","2","other","Craigslist classifieds"
"https://www.oodle.com","2","other","Oodle classifieds"
"https://www.apkpure.com","2","technical_code","APKPure"
"https://www.apkmirror.com","2","technical_code","APK Mirror"
"https://www.softonic.com","2","technical_code","Softonic downloads"
"https://www.cnet.com/download","2","technical_code","CNET Download"
"https://www.driverguide.com","2","technical_code","DriverGuide"
"https://www.driverscloud.com","2","technical_code","DriversCloud"
"https://www.essaypro.com","1","other","Essay writing service"
"https://www.edubirdie.com","1","other","Academic cheating"
"https://www.paperhelp.org","1","other","Essay mill"
"https://www.axact-degrees.com","1","other","Fake degree mill"
"https://www.buyonlinediploma.com","1","other","Diploma scam"
"https://www.universitydiploma.com","1","other","Fake credentials"
"https://crypto-wallet-sync.com","1","other","Crypto phishing"
"https://defi-airdrop-claim.com","1","other","Fake airdrop"
"https://nft-mint-presale.xyz","1","other","NFT scam"
"https://bitcoin-investment-fund.com","1","other","Crypto ponzi"
"https://forex-pro-signals.com","1","other","Forex scam"
"https://binary-options-robot.com","1","other","Trading bot scam"
"https://day-trading-academy-scam.com","1","other","Trading course scam"
"https://work-from-home-mlm.com","1","other","MLM scheme"
"https://network-marketing-opportunity.biz","1","other","Pyramid scheme"
"https://passive-income-system.net","1","other","MLM scam"
"https://millionaire-overnight.com","1","other","Get rich scam"
"https://automated-profit-system.com","1","other","Money scam"
"https://secret-loophole-income.net","1","other","Biz opp fraud"
"https://casino-bonus-codes-unlimited.com","1","other","Casino scam"
"https://sports-betting-fixed-matches.com","1","other","Match fixing scam"
"https://lottery-winning-formula.net","1","other","Lottery scam"
"https://paid-surveys-make-money.com","1","other","Survey scam"
"https://get-paid-for-opinions.net","1","other","Fake surveys"
"https://youve-won-sweepstakes.com","1","other","Prize scam"
"https://claim-your-prize-now.net","1","other","Sweepstakes fraud"
"https://irs-refund-claim.org","1","other","IRS phishing"
"https://social-security-update.com","1","other","SSA phishing"
"https://usps-package-redelivery.com","1","other","USPS phishing"
"https://dmv-renewal-online.net","1","other","DMV phishing"
"https://apple-id-verify-account.com","1","other","Apple phishing"
"https://amazon-account-suspended.com","1","other","Amazon phishing"
"https://paypal-account-limited.net","1","other","PayPal phishing"
"https://microsoft-security-alert.com","1","other","Microsoft phishing"
"https://chase-account-verification.com","1","other","Chase phishing"
"https://bank-of-america-secure-login.net","1","other","BoA phishing"
"https://wells-fargo-verify.com","1","other","Wells Fargo phishing"
"https://pc-optimizer-pro.com","1","technical_code","Scareware"
"https://virus-removal-tool-free.net","1","technical_code","Fake antivirus"
"https://driver-update-utility.com","1","technical_code","PUP software"
"https://registry-cleaner-fix.com","1","technical_code","PC scareware"
"https://photoshop-crack-2025.com","1","technical_code","Software piracy"
"https://windows-activator-kmspico.net","1","technical_code","Activation crack"
"https://microsoft-office-crack.org","1","technical_code","Office crack"
"https://fortnite-aimbot-hack.com","1","technical_code","Game cheating"
"https://cod-warzone-unlock-all.net","1","technical_code","COD hack"
"https://apex-legends-esp-hack.com","1","technical_code","Apex hack"
"https://watch-movies-online-free.tv","1","other","Piracy streaming"
"https://free-netflix-accounts.net","1","other","Account stealing"
"https://hulu-premium-generator.com","1","other","Streaming scam"
"https://replica-rolex-watches.com","1","other","Counterfeit watches"
"https://fake-gucci-bags-cheap.net","1","other","Counterfeit fashion"
"https://nike-shoes-wholesale-china.com","1","other","Counterfeit shoes"
"https://designer-handbags-outlet-90-off.com","1","other","Fake designer"
"https://buy-viagra-no-prescription.com","1","other","Illegal pharma"
"https://online-pharmacy-no-rx.net","1","other","Illegal meds"
"https://weight-loss-pills-overnight.com","1","other","Diet pill scam"
"https://steroids-for-sale-legal.com","1","other","Steroid scam"
"https://meet-local-singles-tonight.com","1","other","Dating scam"
"https://hookup-finder-near-you.net","1","other","Adult scam"
"https://windows-support-number.com","1","technical_code","Tech support scam"
"https://apple-customer-service-phone.net","1","technical_code","Fake support"
"https://mcafee-renewal-center.com","1","technical_code","Antivirus scam"
"https://phone-spy-app-invisible.com","1","technical_code","Spyware"
"https://facebook-password-finder.net","1","technical_code","Account hacking"
"https://whatsapp-message-tracker.com","1","technical_code","Spy scam"
"https://click-to-continue-browsing.com","1","other","Clickjacking"
"https://verify-you-are-human.net","1","other","Captcha scam"
"https://america-first-news.com","1","news","Disinformation"
"https://patriot-truth-media.net","1","news","Fake news"
"https://shocking-celebrity-secrets.com","1","news","Fabricated news"
"https://cancer-cure-miracle.com","1","other","Health fraud"
"https://diabetes-reversal-breakthrough.net","1","other","Medical scam"
"https://anti-aging-secret-formula.com","1","other","Anti-aging scam"
"https://psychic-reading-free-accurate.com","1","other","Psychic scam"
"https://tarot-card-reading-online.net","1","other","Tarot scam"
"https://spell-caster-love-spells.com","1","other","Spell scam"
"https://debt-consolidation-program.com","1","other","Debt scam"
"https://credit-repair-fast.net","1","other","Credit scam"
"https://eliminate-debt-legally.com","1","other","Debt relief fraud"
"https://free-government-grants.com","1","other","Grant scam"
"https://claim-your-stimulus-check.net","1","other","Stimulus fraud"
"https://free-vacation-winner.com","1","other","Travel scam"
"https://timeshare-resale-scam.net","1","other","Timeshare fraud"
"https://donate-to-veterans-foundation.com","1","other","Fake charity"
"https://cancer-research-donations.net","1","other","Charity fraud"
"https://work-from-home-guaranteed-income.com","1","other","Job scam"
"https://data-entry-jobs-no-experience.net","1","other","Employment fraud"
"https://secret-shopper-opportunity.com","1","other","Mystery shopper scam"
"https://package-forwarding-jobs.com","1","other","Reshipping scam"
"https://work-as-shipping-coordinator.net","1","other","Mule recruitment"
"https://international-money-transfer.com","1","other","Transfer scam"
"https://claim-inheritance-funds.net","1","other","Nigerian scam"
"https://urgent-invoice-payment.com","1","other","Invoice fraud"
"https://overdue-account-notice.net","1","other","Collection scam"
"https://www.cam.ac.uk/research","5","scientific","Cambridge Research"
"https://www.ox.ac.uk/research","5","scientific","Oxford Research"
"https://www.nobelprize.org","5","scientific","Nobel Prize resources"
"https://www.aps.org","5","scientific","American Physical Society"
"https://www.acm.org","5","scientific","Association for Computing Machinery"
"https://www.biodiversitylibrary.org","5","scientific","Biodiversity Heritage Library"
"https://www.jstor.org","5","scientific","JSTOR academic journals"
"https://scholar.google.com","5","scientific","Google Scholar"
"https://www.cochrane.org","5","scientific","Cochrane medical reviews"
"https://www.wolframalpha.com","5","scientific","Wolfram Alpha computational engine"
"https://openai.com/research","5","scientific","OpenAI research"
"https://arstechnica.com/civis","4","technical_code","Ars Technica forums"
"https://news.ycombinator.com","4","news","Hacker News"
"https://lobste.rs","4","news","Lobsters tech aggregator"
"https://www.theatlantic.com/technology","4","personal_essay","Atlantic Tech"
"https://fivethirtyeight.com","4","scientific","FiveThirtyEight data journalism"
"https://www.vox.com/future-perfect","4","personal_essay","Vox Future Perfect"
"https://www.wired.com/category/science","4","scientific","Wired Science"
"https://www.scientificamerican.com/blog","4","scientific","SciAm blogs"
"https://www.reddit.com","3","other","Reddit aggregator"
"https://www.medium.com","3","personal_essay","Medium blogging"
"https://www.goodreads.com","3","other","Goodreads books"
"https://www.yelp.com","3","other","Yelp reviews"
"https://www.zomato.com/ncr","3","other","Zomato restaurant"
"https://www.etsy.com","3","other","Etsy marketplace"
"https://www.pinterest.com","3","other","Pinterest inspiration"
"https://www.tumblr.com","3","other","Tumblr blogging"
"https://www.flickr.com","3","other","Flickr photos"
"https://www.deviantart.com","3","other","DeviantArt community"
"https://www.fiverr.com","2","other","Fiverr gig economy"
"https://www.upwork.com","2","other","Upwork freelancing"
"https://www.freelancer.com","2","other","Freelancer.com"
"https://www.guru.com","2","other","Guru freelance"
"https://www.peopleperhour.com","2","other","PeoplePerHour"
"https://www.thumbtack.com","2","other","Thumbtack local services"
"https://www.taskrabbit.com","2","other","TaskRabbit"
"https://www.fiverr.com/gigs","2","other","Fiverr listings"
"https://www.99designs.com","2","other","99designs contests"
"https://earn-1000-per-day.com","1","other","Income scam"
"https://miracle-fat-burner-pill.com","1","other","Weight loss scam"
"https://reverse-phone-lookup-free.com","1","other","Info selling scam"
"https://unclaimed-property-finder.com","1","other","Property scam"
"https://tax-relief-guaranteed.com","1","other","Tax scam"
